Len,MonitorRank,CloudRanger,MicroCause,DyCause
200,19.332634210586548,17.635238647460938,0.0,15.906105756759644
1200,36.68177247047424,33.78071045875549,71.07999709597789,16.54626989364624
2400,85.06100876617431,86.40840876617432,100.55095747625455,61.0653
3600,82.8890528678894,83.0785481929779,150.88935561478138,61.5064
4800,97.47423732566834,98.47873732566833,196.16880212305114,63.8628
7200,3813.4222475883485,3814.3559475883485,277.4339311630465,65.3423
