Len,MonitorRank,CloudRanger,MicroCause,DyCause
200,0.38636363636363635,0.38636363636363635,0.0,0.8787878787878789
1200,0.38636363636363635,0.38636363636363635,0.9697,1.0
2400,0.9712121212121213,0.9772727272727273,0.9621,1.0
3600,0.9878787878787879,0.9772727272727273,0.9621,1.0
4800,0.9924242424242424,0.9818,0.9545,1.0
7200,0.9621212121212122,0.9893939393939393,0.9697,0.995
